{
    "fr": [
        3.6818490028381348,
        3.6106009483337402,
        4.939475059509277,
        3.5167174339294434,
        4.143773555755615,
        4.2207465171813965,
        3.2203805446624756,
        4.52560567855835,
        4.2583513259887695,
        4.5170698165893555,
        3.337646007537842,
        4.186957359313965,
        4.946712017059326,
        3.4203577041625977,
        4.438945770263672,
        3.9676074981689453,
        4.556836128234863,
        3.762692451477051,
        3.7533838748931885,
        3.368234157562256,
        4.910053253173828,
        4.333251476287842,
        4.1159796714782715,
        3.8995070457458496,
        3.5354697704315186,
        3.900400161743164,
        4.468142509460449,
        3.1385979652404785,
        3.7064242362976074,
        3.005401611328125,
        3.9656472206115723,
        4.618995666503906,
        3.7859742641448975,
        4.651262283325195,
        3.6722540855407715,
        3.534708023071289,
        3.8437442779541016,
        3.7089200019836426,
        3.127816915512085,
        3.3010153770446777,
        3.76950740814209,
        3.811133623123169,
        4.12135124206543,
        3.439786434173584,
        4.175259113311768,
        4.349114418029785,
        3.6977665424346924,
        4.97102165222168,
        4.552853584289551,
        4.734020709991455
    ],
    "dr": [
        4.006907457200397,
        3.97358315839989,
        4.555680794797955,
        3.3926268340111245,
        4.309540826158594,
        4.985031096686901,
        4.081076928060376,
        3.385490662223665,
        3.2377325447302407,
        5.012779297409851,
        3.4388685478349883,
        4.120023067590606,
        3.3057304119259667,
        3.8552453151524233,
        4.20874652229863,
        3.594497063391233,
        4.544820440963366,
        3.961951871440505,
        4.980550375628993,
        3.832580751313225,
        3.765604193230106,
        4.27633604458305,
        5.082018181658536,
        4.676048665682526,
        3.7520892802843453,
        4.257909985063169,
        3.923622458477938,
        3.1796056835321127,
        3.241114271105539,
        4.536703967313374,
        2.385623149877524,
        4.044494816233652,
        4.416546302153824,
        4.49724257735862,
        3.8195017025210403,
        4.111710845657166,
        4.009864310299139,
        3.441428599050327,
        3.4103620005209048,
        3.5693428034046883,
        4.588918882801578,
        4.220866116190407,
        4.186574192904526,
        3.169826361561175,
        4.365699548672231,
        4.121729180921726,
        4.133824991124261,
        3.8866163796826085,
        3.7936465299405637,
        4.273851772345151
    ],
    "causalegm": [
        3.1737635135650635,
        1.4343665838241577,
        1.6655782461166382,
        1.664475679397583,
        1.097175121307373,
        2.6875202655792236,
        2.918252944946289,
        1.9326255321502686,
        2.59667706489563,
        2.4429678916931152,
        2.6106860637664795,
        1.7298468351364136,
        2.266864538192749,
        2.376932382583618,
        2.6800715923309326,
        2.664041757583618,
        1.9734232425689697,
        1.5544483661651611,
        1.6023828983306885,
        2.889957904815674,
        3.4084908962249756,
        3.110384225845337,
        2.7217767238616943,
        1.7614949941635132,
        2.3972411155700684,
        1.8541605472564697,
        2.4584097862243652,
        3.054049015045166,
        3.458766222000122,
        3.01068377494812,
        1.5565972328186035,
        3.511355400085449,
        3.5921919345855713,
        1.4752976894378662,
        3.581947088241577,
        2.5709457397460938,
        2.8686208724975586,
        3.218642234802246,
        1.2888753414154053,
        2.9156479835510254,
        1.9823211431503296,
        1.857049822807312,
        1.308284878730774,
        2.0695879459381104,
        1.5042423009872437,
        1.60908043384552,
        1.6805363893508911,
        2.8335461616516113,
        1.8598653078079224,
        1.9907220602035522
    ],
    "tarnet": [
        0.029400218278169632,
        -0.009583454579114914,
        0.02713657356798649,
        -0.05341954529285431,
        -0.06593356281518936,
        -0.006134799215942621,
        0.055054303258657455,
        0.05195131152868271,
        0.02468816563487053,
        -0.020230315625667572,
        0.012632264755666256,
        0.007121184840798378,
        0.04110957682132721,
        0.0018427212489768863,
        0.05472661182284355,
        -0.016529317945241928,
        0.026498448103666306,
        0.04262382537126541,
        -0.1700567603111267,
        0.05552263930439949,
        -0.012606265023350716,
        -0.008094241842627525,
        0.000651650014333427,
        -0.015384014695882797,
        -0.008955405093729496,
        -0.020539838820695877,
        0.003260438097640872,
        0.006761663593351841,
        0.03157678246498108,
        0.049920592457056046,
        0.002471923828125,
        -0.04760627821087837,
        -0.016527561470866203,
        0.07255612313747406,
        -0.010523386299610138,
        -0.016889173537492752,
        -0.022940684109926224,
        -0.0069079152308404446,
        -0.06557195633649826,
        0.03743427246809006,
        0.025174731388688087,
        0.05464307963848114,
        0.021101675927639008,
        0.0015522997127845883,
        -0.06340564042329788,
        -0.0016495290910825133,
        -0.003053426742553711,
        -0.045331597328186035,
        -0.04577704146504402,
        0.013679556548595428
    ],
    "cfrnet": [
        0.009893224574625492,
        0.0021976090501993895,
        0.011053972877562046,
        0.028345823287963867,
        0.004403998143970966,
        -0.007528232876211405,
        -0.007180257700383663,
        -0.006938281003385782,
        -0.015565138310194016,
        0.004882529377937317,
        -0.023025594651699066,
        -0.1475430428981781,
        -0.013027855195105076,
        -0.011758633889257908,
        -0.00355795631185174,
        -0.004604585934430361,
        0.022242993116378784,
        0.0029608439654111862,
        0.0006699530058540404,
        -0.015131959691643715,
        0.060917142778635025,
        -0.03313175216317177,
        -0.015570370480418205,
        0.023351596668362617,
        0.002684073755517602,
        0.00028723131981678307,
        -0.01799432747066021,
        -0.0010580861708149314,
        0.000414177862694487,
        -0.01717323064804077,
        -0.016051851212978363,
        -0.025787808001041412,
        -0.013741706497967243,
        -0.00560101168230176,
        0.0013142351526767015,
        0.001278115902096033,
        0.027512487024068832,
        0.03417893871665001,
        -0.05513222888112068,
        0.0009365490986965597,
        0.013975076377391815,
        0.07543664425611496,
        -0.01288246177136898,
        -0.004203608725219965,
        -0.028298746794462204,
        0.02862931601703167,
        0.001569399842992425,
        -0.007681102957576513,
        -0.07380212843418121,
        -0.007463911548256874
    ],