{
    "0.0": {
        "fr": [
            1.936607373945517,
            1.8817045179363632,
            1.8557861886361497,
            1.7283785018921771,
            1.6609182928972877,
            1.9212308027562686,
            1.8239822404180013,
            1.8149420935631642,
            1.7498010428433772,
            1.6978645540850703,
            1.8983117447383702,
            1.8365248157291498,
            1.8400786004276015,
            1.8892306391687599,
            1.726946774595417,
            1.7576190912098975,
            1.821578190561151,
            1.5685947716014925,
            1.8910549264387808,
            1.8083031498831987,
            2.0334293071510907,
            1.7564045756058768,
            1.8493781319989357,
            1.7436804851954804,
            1.4680976881608365,
            1.8339419827470556,
            1.9233255535812352,
            1.8477798412764042,
            1.585353894160595,
            1.7129967916402966
        ],
        "dr": [
            2.078587703151652,
            1.9567460117983762,
            2.2005265206756004,
            2.2959469715081444,
            2.251875282841603,
            1.9709475878583274,
            2.314459499053297,
            2.3514459996996466,
            2.11730478612576,
            2.1589244021689074,
            2.476704617480921,
            2.431743301365401,
            2.409369187095188,
            2.1975673100934214,
            2.1751503449614473,
            2.1579289158110235,
            2.580393582293715,
            1.7683009083335128,
            2.204811940754336,
            2.3453430934458934,
            2.3301743342687335,
            2.1453753747585793,
            2.5545456840635334,
            1.893137257086438,
            2.0618385234000867,
            2.2610715791502805,
            2.168887061268496,
            2.2337500610846504,
            2.249316736058073,
            2.4181295977249495
        ],
        "causalegm": [
            1.8350441455841064,
            1.8740625381469727,
            1.8964943885803223,
            1.7684760093688965,
            2.0314066410064697,
            2.049288272857666,
            1.8943065404891968,
            1.8307522535324097,
            1.7719049453735352,
            1.8462424278259277,
            2.06699275970459,
            1.978355050086975,
            1.8613908290863037,
            2.05369234085083,
            1.8986828327178955,
            1.8376526832580566,
            1.8497201204299927,
            1.7148534059524536,
            1.927589774131775,
            1.7254704236984253,
            1.8700937032699585,
            1.958237648010254,
            1.979728102684021,
            1.7495090961456299,
            1.944620966911316,
            1.9520705938339233,
            1.7522979974746704,
            1.921176552772522,
            1.828795313835144,
            1.829559326171875
        ],
        "dragonnet": [
            2.00178599357605,
            1.955625057220459,
            2.0663881301879883,
            1.9730068445205688,
            2.034062385559082,
            2.0439064502716064,
            1.9150255918502808,
            2.1100025177001953,
            1.9467617273330688,
            2.017063856124878,
            2.1020073890686035,
            2.0437934398651123,
            2.132086753845215,
            2.0085644721984863,
            2.0073158740997314,
            2.1282193660736084,
            2.1396307945251465,
            2.0355303287506104,
            2.1222145557403564,
            1.9625723361968994,
            1.9829614162445068,
            2.107433557510376,
            2.082606315612793,
            2.034705877304077,
            2.0134010314941406,
            2.0425913333892822,
            2.0379481315612793,
            1.9119361639022827,
            1.9880963563919067,
            1.9962137937545776
        ]
    },
    "0.5": {
        "fr": [
            1.9047353111931586,
            1.9566031132712889,
            1.9172120686785783,
            1.937259370489046,
            1.616920828003145,
            1.8362948452553245,
            1.7892072914038435,
            2.0375812912550755,
            1.7676770415893988,
            1.9054198306521868,
            1.9322107715583405,
            1.844073385207448,
            1.759407623663079,
            1.9753580413793679,
            1.9134855381145608,
            1.9545980833263603,
            1.9807868136188482,
            1.8078496165736433,
            1.7862910827765808,
            1.7756135542533158,
            1.7347908099065534,
            2.0872352207289078,
            1.9494844571219292,
            1.9498265169679654,
            1.8958450783928857,
            2.0346848946707325,
            1.8901756404883345,
            1.8837871168707498,
            2.059963291003267,
            2.0243916034866123
        ],
        "dr": [
            2.1148582278518395,
            2.3072871076463133,
            2.186589120449459,
            2.2211578169336583,
            2.5309473300522454,
            2.286666588435182,
            2.397923668810307,
            2.483017719861919,
            2.3149421190472785,
            2.191885445942125,
            2.2686130440914423,
            2.01922934694679,
            2.143802192457635,
            2.2731811515365496,
            2.3669115259934803,
            2.147767251157673,
            2.134509045658492,
            2.30766537312948,
            2.224487886880763,
            2.00729337840354,
            2.0770838303775094,
            2.2778224289830153,
            2.1529714401984377,
            2.304697356381476,
            2.2776440284557524,
            2.533539925324999,
            2.434844067786856,
            2.3176276673566254,
            2.2156841104417695,
            2.2231391463750976
        ],
        "causalegm": [
            1.7975659370422363,
            1.9268395900726318,
            1.8267098665237427,
            1.8008395433425903,
            1.8529168367385864,
            1.8498330116271973,
            1.9049997329711914,
            1.9140558242797852,
            1.8513026237487793,
            1.8573473691940308,
            1.9774667024612427,
            1.8919845819473267,
            1.7201778888702393,
            1.8501670360565186,
            2.0290606021881104,
            1.7944051027297974,
            1.8095219135284424,
            1.907185673713684,
            1.9895110130310059,
            1.7798223495483398,
            1.768965721130371,
            1.7496337890625,
            1.9361050128936768,
            1.8225399255752563,
            1.9328693151474,
            1.9210691452026367,
            1.9045072793960571,
            2.0924439430236816,
            1.9169566631317139,
            1.8966484069824219
        ],
        "dragonnet": [
            2.148873805999756,
            2.214836835861206,
            2.069514751434326,
            2.009916067123413,
            1.9201503992080688,
            1.9473973512649536,
            2.1095850467681885,
            2.124190330505371,
            2.0965564250946045,
            2.024489164352417,
            2.156691312789917,
            1.9399919509887695,
            1.9824426174163818,
            2.154921293258667,
            2.0957536697387695,
            1.9023953676223755,
            2.0447793006896973,
            1.951695203781128,
            1.9001212120056152,
            2.1278226375579834,
            2.1371471881866455,
            1.8465368747711182,
            2.1428322792053223,
            1.8497508764266968,
            2.104322910308838,
            1.9734970331192017,
            2.019099235534668,
            2.1544764041900635,
            1.9124218225479126,
            2.2004408836364746
        ]
    },