{
    "1": {
        "fr": [
            2.4842302799224854,
            2.583523750305176,
            2.224696636199951,
            2.4719038009643555,
            2.5329525470733643,
            2.7530157566070557,
            2.2379159927368164,
            2.787234306335449,
            2.4578604698181152,
            2.4913580417633057,
            2.7123427391052246,
            2.2720699310302734,
            2.1894233226776123,
            2.393357276916504,
            2.8195269107818604,
            2.4040658473968506,
            3.3570525646209717,
            2.747448682785034,
            2.5072479248046875,
            2.451359272003174,
            2.8284847736358643,
            2.8487391471862793,
            2.5154852867126465,
            2.8425817489624023,
            2.627295732498169,
            2.2997665405273438,
            2.541156530380249,
            2.3372106552124023,
            2.531438112258911,
            2.640292167663574
        ],
        "dr": [
            3.0274188273712355,
            3.018782253865567,
            3.0049073672852726,
            3.006568550763394,
            3.007024516499018,
            3.005659095571689,
            3.0103608563792075,
            3.0279924073219426,
            3.000566544240724,
            3.051128211910469,
            3.01192991134882,
            3.0131454169754623,
            3.011865863625023,
            3.019241214966986,
            3.0413531414403256,
            3.0174459234987783,
            3.0145085671036305,
            3.0224948478496922,
            3.0203779386920746,
            3.02560543400882,
            3.0150670455219712,
            3.18149160082256,
            2.9963595694242975,
            3.0240832250151066,
            3.0120465128928653,
            3.007910276795146,
            3.014718108701122,
            3.013313375199272,
            3.0690890651082237,
            3.0064949097144495
        ],
        "causalegm": [
            2.9159538745880127,
            2.833552360534668,
            2.860814094543457,
            2.858924627304077,
            2.8369367122650146,
            2.8584539890289307,
            2.902357816696167,
            2.900921583175659,
            2.8865063190460205,
            2.8941004276275635,
            2.8266053199768066,
            2.8904387950897217,
            2.8941304683685303,
            2.844346284866333,
            2.931783437728882,
            2.865994930267334,
            2.8928465843200684,
            2.8983161449432373,
            2.8525705337524414,
            2.8935706615448,
            2.9005279541015625,
            2.9050769805908203,
            2.922504186630249,
            2.8498992919921875,
            2.8395352363586426,
            2.8666656017303467,
            2.857680082321167,
            2.8480587005615234,
            2.916818141937256,
            2.954664945602417
        ],
        "dragonnet": [
            3.007255792617798,
            2.9925079345703125,
            2.9951324462890625,
            3.0021867752075195,
            3.0076990127563477,
            3.0029032230377197,
            2.964041233062744,
            3.003664970397949,
            3.001127004623413,
            2.9999217987060547,
            3.0234007835388184,
            3.034222364425659,
            2.9966115951538086,
            3.0255744457244873,
            3.023045539855957,
            2.9928085803985596,
            3.0115408897399902,
            2.968184232711792,
            3.012864351272583,
            2.998472213745117,
            2.9971697330474854,
            3.0042214393615723,
            2.983001708984375,
            3.020704984664917,
            3.003183603286743,
            3.005572557449341,
            2.971294641494751,
            3.0124809741973877,
            3.0146844387054443,
            3.004951238632202
        ]
    },
    "5": {
        "fr": [
            2.764097213745117,
            2.4972708225250244,
            2.6961731910705566,
            2.554722309112549,
            2.8072478771209717,
            2.9334211349487305,
            2.4633171558380127,
            3.3851890563964844,
            2.6791021823883057,
            2.732070207595825,
            2.4558565616607666,
            2.7067995071411133,
            2.3931589126586914,
            2.648838758468628,
            2.747403144836426,
            2.789412021636963,
            2.4354934692382812,
            2.469402551651001,
            2.321244716644287,
            2.7575042247772217,
            2.7125933170318604,
            2.685635566711426,
            2.7673819065093994,
            2.2526803016662598,
            3.0417919158935547,
            2.468076467514038,
            2.573495864868164,
            2.481471300125122,
            2.5457820892333984,
            2.431539535522461
        ],
        "dr": [
            3.013580248124281,
            3.012401742634072,
            2.9953808431300644,
            3.0094234298939373,
            3.005403555395016,
            3.0005409730950863,
            3.009284162131068,
            3.010586646719206,
            2.999800881179049,
            3.007090783099902,
            2.997582174503243,
            3.0137954042628055,
            3.0018567383370227,
            2.996449256889075,
            3.0060340614859125,
            3.0025539867758964,
            3.0045074411065564,
            3.016839428422793,
            3.3086550732767472,
            3.0131030150448668,
            2.904340083267997,
            3.0066252592439686,
            3.007107395420374,
            3.0060837805349285,
            3.033429457105017,
            2.9965648290231615,
            3.0064865185267253,
            2.9989441183060808,
            3.006279529258723,
            2.9996784474579075
        ],
        "causalegm": [
            2.8192381858825684,
            2.80299711227417,
            2.8216969966888428,
            2.784956455230713,
            2.762730360031128,
            2.8133537769317627,
            2.8465993404388428,
            2.7696759700775146,
            2.70481014251709,
            2.8543083667755127,
            2.837461471557617,
            2.8118860721588135,
            2.7447404861450195,
            2.8513858318328857,
            2.8283514976501465,
            2.7971954345703125,
            2.763127326965332,
            2.7350339889526367,
            2.7584381103515625,
            2.820770263671875,
            2.8521947860717773,
            2.7919816970825195,
            2.8243343830108643,
            2.849963426589966,
            2.7882933616638184,
            2.780325412750244,
            2.744267225265503,
            2.8109991550445557,
            2.79951548576355,
            2.821143865585327
        ],
        "dragonnet": [
            3.011263132095337,
            2.9987664222717285,
            2.999265670776367,
            2.997121572494507,
            2.9965386390686035,
            2.9767000675201416,
            2.996143102645874,
            3.0124378204345703,
            3.000798225402832,
            3.009769916534424,
            2.966315269470215,
            3.0090885162353516,
            2.9906563758850098,
            3.0393128395080566,
            2.9984230995178223,
            2.986187696456909,
            2.9666881561279297,
            2.9914755821228027,
            2.999570846557617,
            2.9933457374572754,
            2.992572069168091,
            2.9744787216186523,
            2.9983110427856445,
            2.999577045440674,
            2.996523380279541,
            2.988403558731079,
            3.011838912963867,
            2.9989185333251953,
            3.0057435035705566,
            3.007462501525879
        ]
    },