{
    "0.0": {
        "fr": [
            1.6196024894714356,
            1.6289243221282959,
            1.6038102149963378,
            1.6227839708328247,
            1.4318061828613282,
            1.644826626777649,
            1.5572017192840577,
            1.7107208728790284,
            1.7095402956008912,
            1.5656838417053223,
            1.4632617235183716,
            1.51553373336792,
            1.5494913339614869,
            1.5616777181625365,
            1.7486807346343993,
            1.7342671394348144,
            1.7529834985733033,
            1.3147429704666138,
            1.4477875709533692,
            1.514569067955017,
            1.3651871919631957,
            1.6389384269714355,
            1.7627545833587646,
            1.7858214139938355,
            1.60810329914093,
            1.7479201316833497,
            1.7088837146759033,
            1.4347093105316162,
            1.6183915376663207,
            1.5594792366027832
        ],
        "dr": [
            2.4287261157920246,
            1.8680635237498493,
            2.156042087878705,
            2.4025700879625664,
            2.070156195791763,
            2.3590739823846754,
            2.2099679694797687,
            2.138885500838148,
            1.972141690180186,
            2.30023237214885,
            2.3197081292868638,
            2.1940302121762496,
            1.9568907600668148,
            2.240707656142933,
            2.2901489238455057,
            2.2970808384769628,
            2.3575224439112734,
            2.098657531869428,
            2.169023844928619,
            2.022871626988502,
            2.2898086238335607,
            2.0954558698010697,
            2.3198835819606747,
            2.1607754328457833,
            2.12951095259579,
            1.937539986507213,
            2.241223092565948,
            2.117853225346932,
            2.430873250122466,
            2.2300157379054917
        ],
        "causalegm": [
            1.819839358329773,
            2.080691337585449,
            1.6747164726257324,
            1.9962459802627563,
            1.7974642515182495,
            1.9436023235321045,
            1.9218155145645142,
            1.8605290651321411,
            1.8904199600219727,
            1.8375073671340942,
            1.9326026439666748,
            1.7574524879455566,
            1.7502652406692505,
            1.8662803173065186,
            2.0000410079956055,
            1.9900765419006348,
            1.8567196130752563,
            1.77143132686615,
            1.970848560333252,
            1.9111367464065552,
            1.931423306465149,
            1.803633689880371,
            1.9102014303207397,
            1.7916775941848755,
            1.7904937267303467,
            1.8736276626586914,
            1.821871280670166,
            1.8880985975265503,
            1.8486273288726807,
            1.8181136846542358
        ],
        "dragonnet": [
            2.0003578662872314,
            2.1805613040924072,
            2.175685405731201,
            2.1248302459716797,
            1.999691128730774,
            2.0082314014434814,
            2.080951452255249,
            2.0726919174194336,
            2.0250766277313232,
            1.9882917404174805,
            2.1019234657287598,
            1.933483600616455,
            1.9180716276168823,
            1.9374449253082275,
            2.1138274669647217,
            2.0335192680358887,
            1.8823846578598022,
            2.090475559234619,
            2.1592094898223877,
            2.19551157951355,
            2.0750699043273926,
            2.048373222351074,
            2.134937047958374,
            1.92084538936615,
            1.8762518167495728,
            1.967073678970337,
            2.1962616443634033,
            2.013638973236084,
            1.9804824590682983,
            1.9395861625671387
        ]
    },
    "0.5": {
        "fr": [
            1.642301654815674,
            1.6390685081481933,
            1.5946106433868408,
            1.6434820175170899,
            1.3831117391586303,
            1.94359610080719,
            1.8449416399002074,
            1.6406769275665283,
            1.894307827949524,
            1.672180414199829,
            1.7889074563980103,
            1.5624894618988037,
            1.6571342945098877,
            1.5844386339187622,
            1.6217288970947266,
            1.6421244144439697,
            1.8346010208129884,
            1.8425272464752198,
            1.8922877073287965,
            1.6404144287109375,
            1.654891800880432,
            1.733407473564148,
            1.5389660120010376,
            1.4726100444793702,
            1.5785239696502686,
            1.5979114055633545,
            1.6727368116378785,
            2.0479710340499877,
            1.7640705108642578,
            1.4756783485412597
        ],
        "dr": [
            2.6550538100674816,
            2.017334621638322,
            2.3062142377362402,
            2.605506722550864,
            2.0852231920123945,
            2.4186367388188303,
            2.2990641695589566,
            1.9871427507837527,
            2.334501871838186,
            2.437970213975355,
            2.2863967647882504,
            2.49136944916532,
            2.3494693671361535,
            2.3393933793510557,
            2.4238538026235874,
            2.325311719729032,
            2.736119503094402,
            2.073064192936657,
            2.231797794386,
            2.1236988591157573,
            2.380474129246382,
            2.3185281536536277,
            2.1568536420845406,
            2.5274888216438445,
            2.3847466782534754,
            2.3755499078682067,
            2.2362418483076847,
            2.250873842375063,
            2.1649217324732404,
            2.3558125095813973
        ],
        "causalegm": [
            1.8816962242126465,
            1.7740265130996704,
            1.811247706413269,
            1.9654910564422607,
            1.8374505043029785,
            1.936956524848938,
            1.9571621417999268,
            1.8669521808624268,
            1.883854866027832,
            1.907813310623169,
            1.835726022720337,
            1.8528741598129272,
            1.7499134540557861,
            1.8534536361694336,
            1.9148215055465698,
            1.752901554107666,
            2.032820224761963,
            1.9368706941604614,
            1.9898037910461426,
            1.925890326499939,
            1.8932701349258423,
            1.8380796909332275,
            1.7540984153747559,
            1.8536350727081299,
            1.8555128574371338,
            2.059506893157959,
            1.8648983240127563,
            1.9003589153289795,
            1.9464322328567505,
            1.8228754997253418
        ],
        "dragonnet": [
            2.118715286254883,
            1.887181043624878,
            2.058997869491577,
            2.1226003170013428,
            1.9704692363739014,
            1.9873443841934204,
            2.063722848892212,
            1.984194040298462,
            1.9276584386825562,
            2.1649253368377686,
            2.047633409500122,
            2.0995261669158936,
            2.0873067378997803,
            1.9354770183563232,
            2.1438326835632324,
            2.018852472305298,
            2.0240371227264404,
            2.2070186138153076,
            2.129793882369995,
            2.0700321197509766,
            2.118725538253784,
            2.0740675926208496,
            2.1129260063171387,
            1.9897782802581787,
            2.1571009159088135,
            2.092761754989624,
            2.1800808906555176,
            1.993524432182312,
            2.167153835296631,
            2.087031602859497
        ]
    },