{"_step":7,"_wandb":{"runtime":1},"acc":0.9424374785045706,"loss":0.059291158918459264,"_timestamp":1.745501752628763e+09,"_runtime":1.730418}