{"loss":0.1045750525443033,"_timestamp":1.745501754486706e+09,"_runtime":0.492333,"_step":7,"_wandb":{"runtime":0},"acc":0.9549671807083769}