{"_timestamp":1.7455017496854038e+09,"_runtime":0.53601,"_step":7,"acc":0.906157503249045,"_wandb":{"runtime":0},"loss":0.13869855586227867}