{"_runtime":0.621527,"_wandb":{"runtime":0},"_step":7,"acc":0.8757968358191489,"loss":0.1434649031630974,"_timestamp":1.74550174525353e+09}