{"acc":0.8865512628826588,"loss":0.15319771780244584,"_timestamp":1.745501747171201e+09,"_wandb":{"runtime":0},"_runtime":0.539556,"_step":7}