{
    "x_vals": [
        -4.0,
        -3.9,
        -3.8,
        -3.6999999999999997,
        -3.5999999999999996,
        -3.4999999999999996,
        -3.3999999999999995,
        -3.2999999999999994,
        -3.1999999999999993,
        -3.099999999999999,
        -2.999999999999999,
        -2.899999999999999,
        -2.799999999999999,
        -2.699999999999999,
        -2.5999999999999988,
        -2.4999999999999987,
        -2.3999999999999986,
        -2.2999999999999985,
        -2.1999999999999984,
        -2.0999999999999983,
        -1.9999999999999982,
        -1.8999999999999981,
        -1.799999999999998,
        -1.699999999999998,
        -1.5999999999999979,
        -1.4999999999999978,
        -1.3999999999999977,
        -1.2999999999999976,
        -1.1999999999999975,
        -1.0999999999999974,
        -0.9999999999999973,
        -0.8999999999999972,
        -0.7999999999999972,
        -0.6999999999999971,
        -0.599999999999997,
        -0.4999999999999969,
        -0.3999999999999968,
        -0.2999999999999967,
        -0.19999999999999662,
        -0.09999999999999654,
        3.552713678800501e-15,
        0.1000000000000032,
        0.20000000000000373,
        0.30000000000000426,
        0.4000000000000039,
        0.5000000000000036,
        0.6000000000000041,
        0.7000000000000046,
        0.8000000000000043,
        0.9000000000000039,
        1.0000000000000044,
        1.100000000000005,
        1.2000000000000046,
        1.3000000000000043,
        1.4000000000000048,
        1.5000000000000053,
        1.600000000000005,
        1.7000000000000046,
        1.8000000000000052,
        1.9000000000000057,
        2.0000000000000053,
        2.100000000000005,
        2.2000000000000055,
        2.300000000000006,
        2.4000000000000057,
        2.5000000000000053,
        2.600000000000006,
        2.7000000000000064,
        2.800000000000006,
        2.9000000000000057,
        3.000000000000006,
        3.1000000000000068,
        3.2000000000000064,
        3.300000000000006,
        3.4000000000000066,
        3.500000000000007,
        3.6000000000000068,
        3.7000000000000064,
        3.800000000000007,
        3.9000000000000075
    ],
    "Frengression": {
        "ci_lower": [
            -12.913148880004883,
            -12.665143013000488,
            -12.48730754852295,
            -12.204397201538086,
            -11.930370330810547,
            -11.677821159362793,
            -11.447999000549316,
            -11.24355411529541,
            -11.038549423217773,
            -10.7659912109375,
            -10.522631645202637,
            -10.260844230651855,
            -10.035367965698242,
            -9.867507934570312,
            -9.622934341430664,
            -9.391340255737305,
            -9.108206748962402,
            -8.94866943359375,
            -8.636026382446289,
            -8.467833518981934,
            -8.24990177154541,
            -8.01871109008789,
            -7.737759590148926,
            -7.528954982757568,
            -7.232936382293701,
            -7.118550777435303,
            -6.820001602172852,
            -6.617142200469971,
            -6.45222282409668,
            -6.162562847137451,
            -5.951773643493652,
            -5.782099723815918,
            -5.583442211151123,
            -5.4429450035095215,
            -5.296446800231934,
            -5.11485481262207,
            -4.913887977600098,
            -4.7818732261657715,
            -4.666914463043213,
            -4.5585479736328125,
            -4.337309837341309,
            -4.26187801361084,
            -4.117252826690674,
            -3.9807112216949463,
            -3.8198091983795166,
            -3.745307683944702,
            -3.599351644515991,
            -3.5326015949249268,
            -3.3412370681762695,
            -3.219911813735962,
            -3.0376999378204346,
            -2.923311471939087,
            -2.757513999938965,
            -2.5908796787261963,
            -2.4043755531311035,
            -2.2210030555725098,
            -1.9250178337097168,
            -1.830581545829773,
            -1.6270012855529785,
            -1.4139679670333862,
            -1.2231993675231934,
            -1.0281987190246582,
            -0.8436076045036316,
            -0.5353304743766785,
            -0.4338773488998413,
            -0.12679943442344666,
            0.06768623739480972,
            0.3530850112438202,
            0.4945431649684906,
            0.7799338102340698,
            0.9572617411613464,
            1.2445436716079712,
            1.4878371953964233,
            1.7563430070877075,
            1.8867994546890259,
            2.236832618713379,
            2.4789412021636963,
            2.749119997024536,
            2.969158411026001,
            3.158686637878418
        ],
        "mean": [
            -9.6452054977417,
            -9.373475074768066,
            -9.13034725189209,
            -8.857394218444824,
            -8.604463577270508,
            -8.340932846069336,
            -8.099270820617676,
            -7.829217910766602,
            -7.597266674041748,
            -7.314858436584473,
            -7.043755531311035,
            -6.778322219848633,
            -6.525321006774902,
            -6.270196437835693,
            -6.0189971923828125,
            -5.730039596557617,
            -5.473616600036621,
            -5.239943027496338,
            -4.941314220428467,
            -4.690307140350342,
            -4.4319915771484375,
            -4.186264514923096,
            -3.9064462184906006,
            -3.6443417072296143,
            -3.376884937286377,
            -3.1349878311157227,
            -2.856510639190674,
            -2.621216297149658,
            -2.3719213008880615,
            -2.130519390106201,
            -1.9026392698287964,
            -1.6645121574401855,
            -1.4343624114990234,
            -1.2224568128585815,
            -1.0297969579696655,
            -0.8225075006484985,
            -0.6321258544921875,
            -0.436013787984848,
            -0.25378429889678955,
            -0.08695203810930252,
            0.08618108928203583,
            0.2931716740131378,
            0.47051724791526794,
            0.6545677781105042,
            0.8464615941047668,
            1.0585057735443115,
            1.2658296823501587,
            1.4324628114700317,
            1.696502447128296,
            1.8918558359146118,
            2.1156277656555176,
            2.37546443939209,
            2.6168782711029053,
            2.835738182067871,
            3.0889015197753906,
            3.3092336654663086,
            3.5822856426239014,
            3.832153797149658,
            4.066007614135742,
            4.368288040161133,
            4.6239213943481445,
            4.832066535949707,
            5.092385768890381,
            5.344026565551758,
            5.581578254699707,
            5.84201192855835,
            6.094804286956787,
            6.359918117523193,
            6.647359371185303,
            6.9029459953308105,
            7.107087135314941,
            7.377572059631348,
            7.630738258361816,
            7.885186672210693,
            8.144890785217285,
            8.398881912231445,
            8.6777982711792,
            8.919208526611328,
            9.143143653869629,
            9.389036178588867
        ],