{
    "x_vals": [
        -2.0,
        -1.9,
        -1.7999999999999998,
        -1.6999999999999997,
        -1.5999999999999996,
        -1.4999999999999996,
        -1.3999999999999995,
        -1.2999999999999994,
        -1.1999999999999993,
        -1.0999999999999992,
        -0.9999999999999991,
        -0.899999999999999,
        -0.7999999999999989,
        -0.6999999999999988,
        -0.5999999999999988,
        -0.49999999999999867,
        -0.3999999999999986,
        -0.2999999999999985,
        -0.1999999999999984,
        -0.09999999999999831,
        1.7763568394002505e-15,
        0.10000000000000187,
        0.20000000000000195,
        0.30000000000000204,
        0.40000000000000213,
        0.5000000000000022,
        0.6000000000000023,
        0.7000000000000024,
        0.8000000000000025,
        0.9000000000000026,
        1.0000000000000027,
        1.1000000000000028,
        1.2000000000000028,
        1.300000000000003,
        1.400000000000003,
        1.500000000000003,
        1.6000000000000032,
        1.7000000000000033,
        1.8000000000000034,
        1.9000000000000035
    ],
    "Frengression": {
        "ci_lower": [
            -9.23222541809082,
            -8.937901496887207,
            -8.609135627746582,
            -8.337294578552246,
            -7.980707168579102,
            -7.746090412139893,
            -7.41378116607666,
            -7.105118274688721,
            -6.921319484710693,
            -6.595435619354248,
            -6.33612060546875,
            -6.0682244300842285,
            -5.786854267120361,
            -5.538008689880371,
            -5.30424690246582,
            -5.0988569259643555,
            -4.787043571472168,
            -4.5943403244018555,
            -4.417202949523926,
            -4.174134254455566,
            -3.8384461402893066,
            -3.7057416439056396,
            -3.502066135406494,
            -3.2899253368377686,
            -3.006457567214966,
            -2.778137445449829,
            -2.5484580993652344,
            -2.3288400173187256,
            -2.0541422367095947,
            -1.8190019130706787,
            -1.599316954612732,
            -1.3477650880813599,
            -1.0162205696105957,
            -0.8166993260383606,
            -0.49533191323280334,
            -0.29037389159202576,
            -0.03399510681629181,
            0.21767838299274445,
            0.5634718537330627,
            0.8543402552604675
        ],
        "mean": [
            -5.6357645988464355,
            -5.305179119110107,
            -4.985374927520752,
            -4.680613040924072,
            -4.349710464477539,
            -4.04332160949707,
            -3.731581449508667,
            -3.4234023094177246,
            -3.130934238433838,
            -2.8228089809417725,
            -2.52958083152771,
            -2.228649616241455,
            -1.9438763856887817,
            -1.672439694404602,
            -1.4135949611663818,
            -1.1689854860305786,
            -0.867859959602356,
            -0.626539945602417,
            -0.3771868646144867,
            -0.10728978365659714,
            0.14896656572818756,
            0.4006456434726715,
            0.6422808766365051,
            0.9242490530014038,
            1.191702127456665,
            1.457480549812317,
            1.766021728515625,
            2.054429769515991,
            2.3557968139648438,
            2.634605646133423,
            2.939866781234741,
            3.248234748840332,
            3.5739121437072754,
            3.8734030723571777,
            4.166611671447754,
            4.507820129394531,
            4.802676200866699,
            5.091705322265625,
            5.40291690826416,
            5.751131534576416
        ],
        "ci_upper": [
            -2.4044370651245117,
            -1.9992543458938599,
            -1.7004395723342896,
            -1.4081670045852661,
            -1.0566163063049316,
            -0.7687689065933228,
            -0.4273429214954376,
            -0.11520770937204361,
            0.26714733242988586,
            0.546692430973053,
            0.9227496981620789,
            1.2571712732315063,
            1.5600073337554932,
            1.8555132150650024,
            2.2387850284576416,
            2.5372776985168457,
            2.841599464416504,
            3.2441182136535645,
            3.6009304523468018,
            3.9788126945495605,
            4.246171474456787,
            4.6308274269104,
            4.9700541496276855,
            5.416726589202881,
            5.719564437866211,
            6.134746074676514,
            6.430615425109863,
            6.808541297912598,
            7.1659836769104,
            7.486840724945068,
            7.900308609008789,
            8.236245155334473,
            8.59877872467041,
            8.86482048034668,
            9.261940956115723,
            9.551639556884766,
            9.935758590698242,
            10.212706565856934,
            10.516654014587402,
            10.908781051635742
        ]
    },
    "CausalEGM": {
        "ci_lower": [
            -6.5665195941925045,
            -6.237600493431091,
            -5.888185465335846,
            -5.53314905166626,
            -5.199113023281098,
            -4.86421422958374,
            -4.528705108165741,
            -4.192699527740478,
            -3.8567224740982056,
            -3.531697303056717,
            -3.208045148849487,
            -2.8843879222869875,
            -2.5613236010074614,
            -2.2575148046016693,
            -1.9535056948661804,
            -1.6491550892591476,
            -1.3444972693920136,
            -1.0394135147333146,
            -0.732675901055336,
            -0.4131431616842747,
            -0.09313696399331092,
            0.22059378027915955,
            0.5162136219441891,
            0.8124230489134788,
            1.1093309044837951,
            1.4070534139871598,
            1.7057186543941498,
            1.9996612697839737,
            2.284762221574783,
            2.570709192752838,
            2.8575028777122498,
            3.1452210664749147,
            3.43375478386879,
            3.7229071497917174,
            4.012462645769119,
            4.30246684551239,
            4.592864561080932,
            4.8718292117118835,
            5.1491858959198,
            5.425915205478669
        ],
        "mean": [
            -5.7172441482543945,
            -5.418257236480713,
            -5.117798805236816,
            -4.816276550292969,
            -4.514164447784424,
            -4.2118706703186035,
            -3.909747362136841,
            -3.608046531677246,
            -3.307096242904663,
            -3.0070722103118896,
            -2.708048105239868,
            -2.40999436378479,
            -2.11297345161438,
            -1.8169491291046143,
            -1.5217373371124268,
            -1.2271300554275513,
            -0.9329385757446289,
            -0.6389451622962952,
            -0.3449055552482605,
            -0.050572093576192856,
            0.2443167120218277,
            0.5400486588478088,
            0.8369318842887878,
            1.1353939771652222,
            1.435836911201477,
            1.738799810409546,
            2.044633388519287,
            2.3536720275878906,
            2.666170597076416,
            2.982334613800049,
            3.3022472858428955,
            3.625847816467285,
            3.9528567790985107,
            4.28294038772583,
            4.615841865539551,
            4.951003551483154,
            5.2879109382629395,
            5.625945568084717,
            5.964229106903076,
            6.302013874053955
        ],