{
    "x_vals": [
        -2.0,
        -1.9,
        -1.7999999999999998,
        -1.6999999999999997,
        -1.5999999999999996,
        -1.4999999999999996,
        -1.3999999999999995,
        -1.2999999999999994,
        -1.1999999999999993,
        -1.0999999999999992,
        -0.9999999999999991,
        -0.899999999999999,
        -0.7999999999999989,
        -0.6999999999999988,
        -0.5999999999999988,
        -0.49999999999999867,
        -0.3999999999999986,
        -0.2999999999999985,
        -0.1999999999999984,
        -0.09999999999999831,
        1.7763568394002505e-15,
        0.10000000000000187,
        0.20000000000000195,
        0.30000000000000204,
        0.40000000000000213,
        0.5000000000000022,
        0.6000000000000023,
        0.7000000000000024,
        0.8000000000000025,
        0.9000000000000026,
        1.0000000000000027,
        1.1000000000000028,
        1.2000000000000028,
        1.300000000000003,
        1.400000000000003,
        1.500000000000003,
        1.6000000000000032,
        1.7000000000000033,
        1.8000000000000034,
        1.9000000000000035
    ],
    "Frengression": {
        "ci_lower": [
            -8.95455265045166,
            -8.746784210205078,
            -8.542794227600098,
            -8.173198699951172,
            -8.021883964538574,
            -7.772904872894287,
            -7.507025241851807,
            -7.231017112731934,
            -7.0431647300720215,
            -6.750593662261963,
            -6.586644172668457,
            -6.33652925491333,
            -6.128536701202393,
            -5.874980449676514,
            -5.734875679016113,
            -5.539590358734131,
            -5.384121894836426,
            -5.243588447570801,
            -5.1561408042907715,
            -4.889738082885742,
            -4.780871391296387,
            -4.683499336242676,
            -4.504121780395508,
            -4.483696460723877,
            -4.329856872558594,
            -4.184271812438965,
            -4.083895683288574,
            -4.010838031768799,
            -3.7974860668182373,
            -3.726085901260376,
            -3.6204214096069336,
            -3.4355695247650146,
            -3.4365715980529785,
            -3.307866334915161,
            -3.162311315536499,
            -3.023790121078491,
            -2.8080642223358154,
            -2.735154151916504,
            -2.7290396690368652,
            -2.4306552410125732
        ],
        "mean": [
            -3.92110538482666,
            -3.6749653816223145,
            -3.4339420795440674,
            -3.146634817123413,
            -2.927051305770874,
            -2.684051752090454,
            -2.4601681232452393,
            -2.180664300918579,
            -1.9730340242385864,
            -1.7055747509002686,
            -1.5211817026138306,
            -1.3136727809906006,
            -1.1124215126037598,
            -0.9377750158309937,
            -0.7681170105934143,
            -0.5971174836158752,
            -0.4489547312259674,
            -0.3323293924331665,
            -0.17360179126262665,
            0.003984016366302967,
            0.11842132359743118,
            0.28617432713508606,
            0.42148593068122864,
            0.559386670589447,
            0.692342221736908,
            0.8648020029067993,
            1.0165822505950928,
            1.175645351409912,
            1.3685877323150635,
            1.5506556034088135,
            1.6930902004241943,
            1.9117518663406372,
            2.0868074893951416,
            2.3399040699005127,
            2.5261900424957275,
            2.7529561519622803,
            2.9690918922424316,
            3.1244702339172363,
            3.3640687465667725,
            3.5760958194732666
        ],
        "ci_upper": [
            0.3932706117630005,
            0.6621332764625549,
            0.8667587041854858,
            1.152335286140442,
            1.3444780111312866,
            1.5615922212600708,
            1.751869559288025,
            2.1190683841705322,
            2.3359556198120117,
            2.5761125087738037,
            2.841449737548828,
            3.0825841426849365,
            3.262162446975708,
            3.525291681289673,
            3.7457776069641113,
            4.089994430541992,
            4.272732257843018,
            4.399871826171875,
            4.722218036651611,
            5.036983013153076,
            5.30307674407959,
            5.540469646453857,
            5.794950485229492,
            6.055447101593018,
            6.265446186065674,
            6.560332775115967,
            6.808549404144287,
            7.080324649810791,
            7.224059104919434,
            7.553746223449707,
            7.741449356079102,
            8.124112129211426,
            8.314447402954102,
            8.650044441223145,
            8.879073143005371,
            9.083184242248535,
            9.387675285339355,
            9.620357513427734,
            9.864331245422363,
            10.085430145263672
        ]
    },
    "CausalEGM": {
        "ci_lower": [
            -6.5665195941925045,
            -6.237600493431091,
            -5.888185465335846,
            -5.53314905166626,
            -5.199113023281098,
            -4.86421422958374,
            -4.528705108165741,
            -4.192699527740478,
            -3.8567224740982056,
            -3.531697303056717,
            -3.208045148849487,
            -2.8843879222869875,
            -2.5613236010074614,
            -2.2575148046016693,
            -1.9535056948661804,
            -1.6491550892591476,
            -1.3444972693920136,
            -1.0394135147333146,
            -0.732675901055336,
            -0.4131431616842747,
            -0.09313696399331092,
            0.22059378027915955,
            0.5162136219441891,
            0.8124230489134788,
            1.1093309044837951,
            1.4070534139871598,
            1.7057186543941498,
            1.9996612697839737,
            2.284762221574783,
            2.570709192752838,
            2.8575028777122498,
            3.1452210664749147,
            3.43375478386879,
            3.7229071497917174,
            4.012462645769119,
            4.30246684551239,
            4.592864561080932,
            4.8718292117118835,
            5.1491858959198,
            5.425915205478669
        ],
        "mean": [
            -5.7172441482543945,
            -5.418257236480713,
            -5.117798805236816,
            -4.816276550292969,
            -4.514164447784424,
            -4.2118706703186035,
            -3.909747362136841,
            -3.608046531677246,
            -3.307096242904663,
            -3.0070722103118896,
            -2.708048105239868,
            -2.40999436378479,
            -2.11297345161438,
            -1.8169491291046143,
            -1.5217373371124268,
            -1.2271300554275513,
            -0.9329385757446289,
            -0.6389451622962952,
            -0.3449055552482605,
            -0.050572093576192856,
            0.2443167120218277,
            0.5400486588478088,
            0.8369318842887878,
            1.1353939771652222,
            1.435836911201477,
            1.738799810409546,
            2.044633388519287,
            2.3536720275878906,
            2.666170597076416,
            2.982334613800049,
            3.3022472858428955,
            3.625847816467285,
            3.9528567790985107,
            4.28294038772583,
            4.615841865539551,
            4.951003551483154,
            5.2879109382629395,
            5.625945568084717,
            5.964229106903076,
            6.302013874053955
        ],