{
    "x_vals": [
        0.0,
        0.1,
        0.2,
        0.30000000000000004,
        0.4,
        0.5,
        0.6000000000000001,
        0.7000000000000001,
        0.8,
        0.9,
        1.0,
        1.1,
        1.2000000000000002,
        1.3,
        1.4000000000000001,
        1.5,
        1.6,
        1.7000000000000002,
        1.8,
        1.9000000000000001,
        2.0,
        2.1,
        2.2,
        2.3000000000000003,
        2.4000000000000004,
        2.5,
        2.6,
        2.7,
        2.8000000000000003,
        2.9000000000000004,
        3.0,
        3.1,
        3.2,
        3.3000000000000003,
        3.4000000000000004,
        3.5,
        3.6,
        3.7,
        3.8000000000000003,
        3.9000000000000004,
        4.0,
        4.1000000000000005,
        4.2,
        4.3,
        4.4,
        4.5,
        4.6000000000000005,
        4.7,
        4.800000000000001,
        4.9,
        5.0,
        5.1000000000000005,
        5.2,
        5.300000000000001,
        5.4,
        5.5,
        5.6000000000000005,
        5.7,
        5.800000000000001,
        5.9
    ],
    "Frengression": {
        "ci_lower": [
            -0.10887499153614044,
            -0.17409437894821167,
            -0.22805382311344147,
            -0.25843900442123413,
            -0.27879953384399414,
            -0.2803037762641907,
            -0.26908329129219055,
            -0.24788160622119904,
            -0.22251345217227936,
            -0.17185267806053162,
            -0.11842198669910431,
            -0.06087057664990425,
            0.011597251519560814,
            0.07974317669868469,
            0.15738545358181,
            0.23447023332118988,
            0.323813796043396,
            0.40739375352859497,
            0.4919048547744751,
            0.5834295153617859,
            0.6676419973373413,
            0.771452784538269,
            0.8644457459449768,
            0.9472475647926331,
            1.051463007926941,
            1.1447575092315674,
            1.2611387968063354,
            1.3461107015609741,
            1.4570705890655518,
            1.5638697147369385,
            1.6650205850601196,
            1.764733910560608,
            1.8737255334854126,
            1.974615454673767,
            2.078646421432495,
            2.1830620765686035,
            2.286231279373169,
            2.3948607444763184,
            2.4896838665008545,
            2.5961501598358154,
            2.706997871398926,
            2.8092751502990723,
            2.9169650077819824,
            3.0203263759613037,
            3.123234510421753,
            3.230336904525757,
            3.323625326156616,
            3.4335176944732666,
            3.534026861190796,
            3.646587610244751,
            3.746713876724243,
            3.852972984313965,
            3.9450228214263916,
            4.07870626449585,
            4.1567888259887695,
            4.275659084320068,
            4.376406669616699,
            4.486706256866455,
            4.59185791015625,
            4.684386253356934
        ],
        "mean": [
            1.2839688062667847,
            1.2591021060943604,
            1.2308635711669922,
            1.2036317586898804,
            1.1756882667541504,
            1.1828515529632568,
            1.1803253889083862,
            1.1984786987304688,
            1.2229896783828735,
            1.2330031394958496,
            1.2588227987289429,
            1.3055427074432373,
            1.3459745645523071,
            1.4056658744812012,
            1.4616416692733765,
            1.5252964496612549,
            1.5844895839691162,
            1.654410481452942,
            1.7294076681137085,
            1.7952078580856323,
            1.8708878755569458,
            1.9526293277740479,
            2.0291173458099365,
            2.1217987537384033,
            2.1933810710906982,
            2.285902500152588,
            2.374547243118286,
            2.4612700939178467,
            2.560396432876587,
            2.6456267833709717,
            2.734560489654541,
            2.8256173133850098,
            2.9252216815948486,
            3.0190229415893555,
            3.115417957305908,
            3.2069849967956543,
            3.296393871307373,
            3.406752347946167,
            3.488516092300415,
            3.5910019874572754,
            3.689328193664551,
            3.787674903869629,
            3.8885138034820557,
            3.988985776901245,
            4.079477787017822,
            4.186224460601807,
            4.279181957244873,
            4.384288311004639,
            4.48296594619751,
            4.586434364318848,
            4.688943386077881,
            4.785203456878662,
            4.8767924308776855,
            4.9943060874938965,
            5.086331367492676,
            5.1868791580200195,
            5.295222759246826,
            5.390878677368164,
            5.4976115226745605,
            5.599339962005615
        ],
        "ci_upper": [
            4.092502117156982,
            4.051936626434326,
            4.066309452056885,
            4.061509609222412,
            4.0109992027282715,
            4.008180141448975,
            4.0463666915893555,
            3.9937777519226074,
            4.0355424880981445,
            4.011996746063232,
            4.031270980834961,
            4.01837682723999,
            4.032301902770996,
            4.085704326629639,
            4.0197038650512695,
            4.097784996032715,
            4.048519611358643,
            4.057363033294678,
            4.133486270904541,
            4.147768020629883,
            4.171459674835205,
            4.223189830780029,
            4.24594783782959,
            4.321216106414795,
            4.277994632720947,
            4.4133219718933105,
            4.440276622772217,
            4.52891731262207,
            4.621167182922363,
            4.649952411651611,
            4.71035623550415,
            4.749851703643799,
            4.831054210662842,
            4.943127632141113,
            4.9582648277282715,
            5.054892539978027,
            5.097592353820801,
            5.2014946937561035,
            5.228541851043701,
            5.344594478607178,
            5.389429569244385,
            5.529347896575928,
            5.579189777374268,
            5.666487216949463,
            5.723649024963379,
            5.893484115600586,
            5.9107866287231445,
            5.987689018249512,
            6.131411552429199,
            6.176095008850098,
            6.2960333824157715,
            6.36959981918335,
            6.413815498352051,
            6.538449287414551,
            6.610597133636475,
            6.697213172912598,
            6.81295108795166,
            6.902891635894775,
            6.9913554191589355,
            7.0960516929626465
        ]
    },