{
    "x_vals": [
        0.0,
        0.1,
        0.2,
        0.30000000000000004,
        0.4,
        0.5,
        0.6000000000000001,
        0.7000000000000001,
        0.8,
        0.9,
        1.0,
        1.1,
        1.2000000000000002,
        1.3,
        1.4000000000000001,
        1.5,
        1.6,
        1.7000000000000002,
        1.8,
        1.9000000000000001,
        2.0,
        2.1,
        2.2,
        2.3000000000000003,
        2.4000000000000004,
        2.5,
        2.6,
        2.7,
        2.8000000000000003,
        2.9000000000000004,
        3.0,
        3.1,
        3.2,
        3.3000000000000003,
        3.4000000000000004,
        3.5,
        3.6,
        3.7,
        3.8000000000000003,
        3.9000000000000004,
        4.0,
        4.1000000000000005,
        4.2,
        4.3,
        4.4,
        4.5,
        4.6000000000000005,
        4.7,
        4.800000000000001,
        4.9,
        5.0,
        5.1000000000000005,
        5.2,
        5.300000000000001,
        5.4,
        5.5,
        5.6000000000000005,
        5.7,
        5.800000000000001,
        5.9
    ],
    "Frengression": {
        "ci_lower": [
            -0.09905553609132767,
            -0.16303810477256775,
            -0.21349552273750305,
            -0.24244330823421478,
            -0.2626676559448242,
            -0.2662205100059509,
            -0.258259654045105,
            -0.2346460372209549,
            -0.2024267464876175,
            -0.15835604071617126,
            -0.10207033902406693,
            -0.04387170076370239,
            0.02304002083837986,
            0.10311876237392426,
            0.1744484305381775,
            0.25957098603248596,
            0.3387702703475952,
            0.43489521741867065,
            0.518139123916626,
            0.5977538228034973,
            0.6964680552482605,
            0.7910860776901245,
            0.8863665461540222,
            0.9805117249488831,
            1.0757759809494019,
            1.1750820875167847,
            1.272508144378662,
            1.368568778038025,
            1.464725136756897,
            1.5722700357437134,
            1.656618356704712,
            1.7646976709365845,
            1.8626223802566528,
            1.958214521408081,
            2.0668771266937256,
            2.173713445663452,
            2.25419020652771,
            2.368492841720581,
            2.462991237640381,
            2.572598457336426,
            2.6601128578186035,
            2.7646164894104004,
            2.8672749996185303,
            2.967787742614746,
            3.0725371837615967,
            3.167006492614746,
            3.2680766582489014,
            3.3679592609405518,
            3.4809157848358154,
            3.5706167221069336,
            3.6745998859405518,
            3.7800040245056152,
            3.877678871154785,
            3.9738569259643555,
            4.077612400054932,
            4.188070297241211,
            4.279360771179199,
            4.389733791351318,
            4.483675479888916,
            4.578887939453125
        ],
        "mean": [
            1.2774080038070679,
            1.2489936351776123,
            1.218953251838684,
            1.2032982110977173,
            1.1760092973709106,
            1.1772706508636475,
            1.1776539087295532,
            1.1834557056427002,
            1.2028326988220215,
            1.2257049083709717,
            1.2540977001190186,
            1.300112009048462,
            1.335713267326355,
            1.3786371946334839,
            1.4421199560165405,
            1.4972195625305176,
            1.55593740940094,
            1.6277365684509277,
            1.6866062879562378,
            1.758575439453125,
            1.8386868238449097,
            1.9169059991836548,
            1.9913517236709595,
            2.055868148803711,
            2.154310464859009,
            2.2362887859344482,
            2.319476842880249,
            2.401550531387329,
            2.48966121673584,
            2.583324432373047,
            2.6700072288513184,
            2.7680485248565674,
            2.8628804683685303,
            2.947056531906128,
            3.0394818782806396,
            3.139162302017212,
            3.2292544841766357,
            3.3304624557495117,
            3.41947603225708,
            3.519362688064575,
            3.6154932975769043,
            3.7076539993286133,
            3.8065121173858643,
            3.908968925476074,
            4.010003566741943,
            4.100743293762207,
            4.197650909423828,
            4.303083419799805,
            4.390930652618408,
            4.502807140350342,
            4.595065593719482,
            4.698454856872559,
            4.793644905090332,
            4.902061462402344,
            4.997941017150879,
            5.0997395515441895,
            5.198205947875977,
            5.293205738067627,
            5.401488304138184,
            5.492847919464111
        ],
        "ci_upper": [
            4.039614677429199,
            4.105325698852539,
            4.0744781494140625,
            4.0470709800720215,
            3.9576635360717773,
            3.999925374984741,
            3.967517375946045,
            3.946312427520752,
            3.914250612258911,
            3.9046642780303955,
            3.928285837173462,
            3.9608771800994873,
            3.989128351211548,
            3.9756321907043457,
            4.022136688232422,
            3.990809679031372,
            4.026195049285889,
            4.02827262878418,
            4.032020092010498,
            4.043480396270752,
            4.123795032501221,
            4.170600414276123,
            4.1840291023254395,
            4.173738479614258,
            4.30252742767334,
            4.361217021942139,
            4.349616527557373,
            4.448953151702881,
            4.48304557800293,
            4.557631015777588,
            4.627906799316406,
            4.716719627380371,
            4.792088985443115,
            4.835549354553223,
            4.9107279777526855,
            4.956207275390625,
            5.047236442565918,
            5.140316486358643,
            5.224762439727783,
            5.296873569488525,
            5.364108085632324,
            5.420319080352783,
            5.52862024307251,
            5.630195617675781,
            5.687575340270996,
            5.764193534851074,
            5.8730292320251465,
            5.965659141540527,
            6.00641393661499,
            6.115056991577148,
            6.208956718444824,
            6.311765193939209,
            6.398063659667969,
            6.516479015350342,
            6.570404529571533,
            6.651350498199463,
            6.744207382202148,
            6.837412357330322,
            6.956268310546875,
            6.998963356018066
        ]
    },