{
    "x_vals": [
        0.0,
        0.1,
        0.2,
        0.30000000000000004,
        0.4,
        0.5,
        0.6000000000000001,
        0.7000000000000001,
        0.8,
        0.9,
        1.0,
        1.1,
        1.2000000000000002,
        1.3,
        1.4000000000000001,
        1.5,
        1.6,
        1.7000000000000002,
        1.8,
        1.9000000000000001,
        2.0,
        2.1,
        2.2,
        2.3000000000000003,
        2.4000000000000004,
        2.5,
        2.6,
        2.7,
        2.8000000000000003,
        2.9000000000000004,
        3.0,
        3.1,
        3.2,
        3.3000000000000003,
        3.4000000000000004,
        3.5,
        3.6,
        3.7,
        3.8000000000000003,
        3.9000000000000004,
        4.0,
        4.1000000000000005,
        4.2,
        4.3,
        4.4,
        4.5,
        4.6000000000000005,
        4.7,
        4.800000000000001,
        4.9,
        5.0,
        5.1000000000000005,
        5.2,
        5.300000000000001,
        5.4,
        5.5,
        5.6000000000000005,
        5.7,
        5.800000000000001,
        5.9
    ],
    "Frengression": {
        "ci_lower": [
            -2.268716335296631,
            -2.2647790908813477,
            -2.261622190475464,
            -2.2708442211151123,
            -2.243881940841675,
            -2.235445261001587,
            -2.1716177463531494,
            -2.115067958831787,
            -2.0880424976348877,
            -2.051091432571411,
            -1.9652466773986816,
            -1.9137511253356934,
            -1.81781005859375,
            -1.772642970085144,
            -1.6804563999176025,
            -1.5933507680892944,
            -1.5074788331985474,
            -1.4075011014938354,
            -1.3199337720870972,
            -1.2208210229873657,
            -1.1405466794967651,
            -1.0511583089828491,
            -0.9189009070396423,
            -0.8668765425682068,
            -0.733868420124054,
            -0.6520753502845764,
            -0.5416746139526367,
            -0.4279669523239136,
            -0.3345527946949005,
            -0.1419851928949356,
            -0.0622490718960762,
            0.058000557124614716,
            0.1565445214509964,
            0.28375837206840515,
            0.38142743706703186,
            0.5102487802505493,
            0.626326858997345,
            0.7677958607673645,
            0.8263276815414429,
            0.9900692701339722,
            1.1299340724945068,
            1.2169772386550903,
            1.3644806146621704,
            1.483157992362976,
            1.6066374778747559,
            1.7565075159072876,
            1.8260765075683594,
            1.9964661598205566,
            2.122034788131714,
            2.265442371368408,
            2.3312158584594727,
            2.490715980529785,
            2.5968427658081055,
            2.7116382122039795,
            2.832324266433716,
            2.9959452152252197,
            3.086000680923462,
            3.22898530960083,
            3.322789430618286,
            3.4777114391326904
        ],
        "mean": [
            0.8997519016265869,
            0.96370530128479,
            0.98081374168396,
            1.061324954032898,
            1.1210968494415283,
            1.2056996822357178,
            1.2509890794754028,
            1.3295680284500122,
            1.3993966579437256,
            1.4710575342178345,
            1.5592092275619507,
            1.6361982822418213,
            1.757665753364563,
            1.8445762395858765,
            1.9187729358673096,
            2.0130856037139893,
            2.088308811187744,
            2.202359914779663,
            2.3419041633605957,
            2.3970017433166504,
            2.5088133811950684,
            2.6019625663757324,
            2.7423202991485596,
            2.8141961097717285,
            2.8835055828094482,
            3.0200719833374023,
            3.1272366046905518,
            3.229335069656372,
            3.337320566177368,
            3.4850010871887207,
            3.559163808822632,
            3.6804757118225098,
            3.8211071491241455,
            3.9012746810913086,
            4.017024517059326,
            4.120515823364258,
            4.245051383972168,
            4.359002590179443,
            4.476906776428223,
            4.591118335723877,
            4.698949337005615,
            4.840522766113281,
            4.962858200073242,
            5.081722736358643,
            5.187765598297119,
            5.270508289337158,
            5.400778770446777,
            5.541985988616943,
            5.656643867492676,
            5.774873733520508,
            5.875626087188721,
            6.008803844451904,
            6.113884925842285,
            6.238115310668945,
            6.346224308013916,
            6.484274387359619,
            6.616537570953369,
            6.727912425994873,
            6.847157955169678,
            6.967126369476318
        ],
        "ci_upper": [
            6.087564468383789,
            6.14605188369751,
            6.081226825714111,
            6.17636251449585,
            6.268347263336182,
            6.381724834442139,
            6.40389347076416,
            6.472325801849365,
            6.540366172790527,
            6.510894775390625,
            6.665156364440918,
            6.720021724700928,
            6.798020362854004,
            6.81538200378418,
            6.865609645843506,
            7.006350040435791,
            7.093140125274658,
            7.13336706161499,
            7.33482551574707,
            7.31499719619751,
            7.346704483032227,
            7.4995880126953125,
            7.688828468322754,
            7.560266017913818,
            7.679998397827148,
            7.855324745178223,
            7.8690643310546875,
            7.922752857208252,
            8.07945728302002,
            8.195401191711426,
            8.259100914001465,
            8.293700218200684,
            8.433996200561523,
            8.501306533813477,
            8.592415809631348,
            8.785914421081543,
            8.780343055725098,
            8.899271011352539,
            9.011658668518066,
            9.191849708557129,
            9.223726272583008,
            9.396381378173828,
            9.500494956970215,
            9.602161407470703,
            9.688925743103027,
            9.744848251342773,
            9.809093475341797,
            9.963936805725098,
            10.119314193725586,
            10.159001350402832,
            10.310940742492676,
            10.427762985229492,
            10.510479927062988,
            10.592378616333008,
            10.73088550567627,
            10.907804489135742,
            11.079907417297363,
            11.098556518554688,
            11.217249870300293,
            11.269275665283203
        ]
    },