{
    "x_vals": [
        0.0,
        0.1,
        0.2,
        0.30000000000000004,
        0.4,
        0.5,
        0.6000000000000001,
        0.7000000000000001,
        0.8,
        0.9,
        1.0,
        1.1,
        1.2000000000000002,
        1.3,
        1.4000000000000001,
        1.5,
        1.6,
        1.7000000000000002,
        1.8,
        1.9000000000000001,
        2.0,
        2.1,
        2.2,
        2.3000000000000003,
        2.4000000000000004,
        2.5,
        2.6,
        2.7,
        2.8000000000000003,
        2.9000000000000004,
        3.0,
        3.1,
        3.2,
        3.3000000000000003,
        3.4000000000000004,
        3.5,
        3.6,
        3.7,
        3.8000000000000003,
        3.9000000000000004,
        4.0,
        4.1000000000000005,
        4.2,
        4.3,
        4.4,
        4.5,
        4.6000000000000005,
        4.7,
        4.800000000000001,
        4.9,
        5.0,
        5.1000000000000005,
        5.2,
        5.300000000000001,
        5.4,
        5.5,
        5.6000000000000005,
        5.7,
        5.800000000000001,
        5.9
    ],
    "Frengression": {
        "ci_lower": [
            -2.300360918045044,
            -2.321941375732422,
            -2.323866367340088,
            -2.296229600906372,
            -2.2640936374664307,
            -2.2626311779022217,
            -2.2160794734954834,
            -2.1479439735412598,
            -2.1012344360351562,
            -2.0527825355529785,
            -1.9940804243087769,
            -1.9463506937026978,
            -1.8784935474395752,
            -1.8080933094024658,
            -1.6934064626693726,
            -1.6605337858200073,
            -1.5818215608596802,
            -1.495360255241394,
            -1.4167464971542358,
            -1.3630529642105103,
            -1.2398046255111694,
            -1.1551965475082397,
            -1.0479750633239746,
            -0.9675323367118835,
            -0.8839932680130005,
            -0.7782171368598938,
            -0.6666135191917419,
            -0.574849545955658,
            -0.46240681409835815,
            -0.3270317018032074,
            -0.17472895979881287,
            -0.08879227191209793,
            0.031898777931928635,
            0.0807112380862236,
            0.29137298464775085,
            0.34728410840034485,
            0.49115869402885437,
            0.5795700550079346,
            0.6828739047050476,
            0.8048708438873291,
            0.9190481305122375,
            1.0827884674072266,
            1.1510411500930786,
            1.3390300273895264,
            1.411394715309143,
            1.5262224674224854,
            1.6339895725250244,
            1.7784062623977661,
            1.8867912292480469,
            2.0300397872924805,
            2.1140005588531494,
            2.2433714866638184,
            2.314056873321533,
            2.5040693283081055,
            2.6209053993225098,
            2.7325997352600098,
            2.8717920780181885,
            3.055875539779663,
            3.063615322113037,
            3.2400126457214355
        ],
        "mean": [
            0.9402015209197998,
            0.9811655879020691,
            1.0024632215499878,
            1.0738978385925293,
            1.1489452123641968,
            1.2119498252868652,
            1.2848304510116577,
            1.3341796398162842,
            1.4030715227127075,
            1.4981180429458618,
            1.5754250288009644,
            1.6557480096817017,
            1.7277129888534546,
            1.8156834840774536,
            1.8734861612319946,
            2.0160675048828125,
            2.0927062034606934,
            2.2173924446105957,
            2.305814266204834,
            2.3943257331848145,
            2.5238585472106934,
            2.6153247356414795,
            2.7083852291107178,
            2.826779842376709,
            2.927605390548706,
            3.024927854537964,
            3.1420392990112305,
            3.2875618934631348,
            3.3440752029418945,
            3.4766314029693604,
            3.5892410278320312,
            3.6987032890319824,
            3.831615686416626,
            3.9370920658111572,
            4.071703910827637,
            4.169862270355225,
            4.298632621765137,
            4.405547142028809,
            4.519005298614502,
            4.649900436401367,
            4.736516952514648,
            4.890469074249268,
            4.983619689941406,
            5.117642402648926,
            5.213059902191162,
            5.347266674041748,
            5.474028587341309,
            5.590371608734131,
            5.716912746429443,
            5.818997383117676,
            5.927299976348877,
            6.0518927574157715,
            6.165156364440918,
            6.308017253875732,
            6.434485912322998,
            6.5518317222595215,
            6.662088394165039,
            6.791696071624756,
            6.8962483406066895,
            7.03947639465332
        ],
        "ci_upper": [
            6.053443908691406,
            6.101064205169678,
            6.127793788909912,
            6.262673854827881,
            6.286126613616943,
            6.433566570281982,
            6.3922929763793945,
            6.484070301055908,
            6.4833574295043945,
            6.581785202026367,
            6.64757776260376,
            6.700562000274658,
            6.719630241394043,
            6.789341926574707,
            6.8415679931640625,
            6.905488014221191,
            7.018781661987305,
            7.083680152893066,
            7.209010601043701,
            7.272323131561279,
            7.366505146026611,
            7.464624404907227,
            7.449751377105713,
            7.564075946807861,
            7.672966957092285,
            7.765139102935791,
            7.822377681732178,
            7.970851421356201,
            7.950228691101074,
            8.137272834777832,
            8.162314414978027,
            8.215084075927734,
            8.350679397583008,
            8.471284866333008,
            8.573396682739258,
            8.694303512573242,
            8.8369140625,
            8.85226821899414,
            8.99047565460205,
            9.095499992370605,
            9.139871597290039,
            9.302716255187988,
            9.39364242553711,
            9.494142532348633,
            9.557162284851074,
            9.666373252868652,
            9.82125473022461,
            9.949814796447754,
            10.014391899108887,
            10.09600830078125,
            10.25322437286377,
            10.367403030395508,
            10.370569229125977,
            10.592830657958984,
            10.743151664733887,
            10.85450267791748,
            10.883132934570312,
            11.003342628479004,
            11.122858047485352,
            11.373919486999512
        ]
    },