{
    "x_vals": [
        0.0,
        0.1,
        0.2,
        0.30000000000000004,
        0.4,
        0.5,
        0.6000000000000001,
        0.7000000000000001,
        0.8,
        0.9,
        1.0,
        1.1,
        1.2000000000000002,
        1.3,
        1.4000000000000001,
        1.5,
        1.6,
        1.7000000000000002,
        1.8,
        1.9000000000000001,
        2.0,
        2.1,
        2.2,
        2.3000000000000003,
        2.4000000000000004,
        2.5,
        2.6,
        2.7,
        2.8000000000000003,
        2.9000000000000004,
        3.0,
        3.1,
        3.2,
        3.3000000000000003,
        3.4000000000000004,
        3.5,
        3.6,
        3.7,
        3.8000000000000003,
        3.9000000000000004,
        4.0,
        4.1000000000000005,
        4.2,
        4.3,
        4.4,
        4.5,
        4.6000000000000005,
        4.7,
        4.800000000000001,
        4.9,
        5.0,
        5.1000000000000005,
        5.2,
        5.300000000000001,
        5.4,
        5.5,
        5.6000000000000005,
        5.7,
        5.800000000000001,
        5.9
    ],
    "Frengression": {
        "ci_lower": [
            -1.4918742179870605,
            -1.5327527523040771,
            -1.5058773756027222,
            -1.4819278717041016,
            -1.4663636684417725,
            -1.417359709739685,
            -1.3791444301605225,
            -1.3472436666488647,
            -1.3075180053710938,
            -1.238869547843933,
            -1.1930327415466309,
            -1.1228309869766235,
            -1.1168513298034668,
            -1.0204030275344849,
            -0.9418889880180359,
            -0.9214150309562683,
            -0.8102144002914429,
            -0.7347911596298218,
            -0.6534474492073059,
            -0.5907067060470581,
            -0.4963425099849701,
            -0.44719964265823364,
            -0.35211217403411865,
            -0.2514696717262268,
            -0.17061734199523926,
            -0.1077437698841095,
            -0.02148227021098137,
            0.07826221734285355,
            0.15243245661258698,
            0.25503402948379517,
            0.3421415388584137,
            0.4502161145210266,
            0.5247566103935242,
            0.6090395450592041,
            0.7095680236816406,
            0.805716335773468,
            0.9366025924682617,
            1.0019508600234985,
            1.1099812984466553,
            1.1936575174331665,
            1.3168609142303467,
            1.3934475183486938,
            1.5100805759429932,
            1.602367877960205,
            1.7044025659561157,
            1.7886431217193604,
            1.9328043460845947,
            2.0202956199645996,
            2.103022575378418,
            2.2157974243164062,
            2.330082893371582,
            2.4334967136383057,
            2.564830780029297,
            2.6189560890197754,
            2.763690233230591,
            2.8583362102508545,
            2.967508554458618,
            3.0645291805267334,
            3.135375499725342,
            3.304894208908081
        ],
        "mean": [
            1.015537977218628,
            1.0232981443405151,
            1.066779375076294,
            1.1072434186935425,
            1.1419196128845215,
            1.1898326873779297,
            1.2471784353256226,
            1.3099967241287231,
            1.3670932054519653,
            1.4219378232955933,
            1.4720077514648438,
            1.5531399250030518,
            1.6170499324798584,
            1.6987242698669434,
            1.7635161876678467,
            1.8479863405227661,
            1.9137003421783447,
            1.9898122549057007,
            2.0819971561431885,
            2.1424763202667236,
            2.2567365169525146,
            2.3387300968170166,
            2.405730962753296,
            2.4853603839874268,
            2.595067262649536,
            2.670369863510132,
            2.7895922660827637,
            2.8448171615600586,
            2.9524199962615967,
            3.045964479446411,
            3.126861810684204,
            3.2118284702301025,
            3.3233730792999268,
            3.4303348064422607,
            3.5038254261016846,
            3.6264564990997314,
            3.7183046340942383,
            3.8150243759155273,
            3.918959856033325,
            4.007760047912598,
            4.114941596984863,
            4.208560943603516,
            4.30670166015625,
            4.4243011474609375,
            4.526037693023682,
            4.608980178833008,
            4.711599349975586,
            4.807647228240967,
            4.929039478302002,
            5.031178951263428,
            5.13896369934082,
            5.238890647888184,
            5.358347415924072,
            5.432767391204834,
            5.555508136749268,
            5.638441562652588,
            5.752701282501221,
            5.847372531890869,
            5.94772481918335,
            6.068802833557129
        ],
        "ci_upper": [
            5.196603775024414,
            5.201977252960205,
            5.326513290405273,
            5.288107395172119,
            5.36924409866333,
            5.391181468963623,
            5.439809322357178,
            5.478094100952148,
            5.609542369842529,
            5.623284816741943,
            5.640573501586914,
            5.75478458404541,
            5.786308765411377,
            5.880815505981445,
            5.928021430969238,
            6.010566711425781,
            6.045657634735107,
            6.104308128356934,
            6.147493362426758,
            6.253298282623291,
            6.316802501678467,
            6.432672500610352,
            6.479762554168701,
            6.500086307525635,
            6.640359401702881,
            6.723361015319824,
            6.835092067718506,
            6.812412738800049,
            7.006399154663086,
            6.984750270843506,
            7.063389301300049,
            7.017415523529053,
            7.207160949707031,
            7.354712009429932,
            7.368527889251709,
            7.513373851776123,
            7.564445972442627,
            7.600412845611572,
            7.77993106842041,
            7.807764053344727,
            7.93400239944458,
            7.919182777404785,
            8.095898628234863,
            8.176140785217285,
            8.298859596252441,
            8.304581642150879,
            8.414499282836914,
            8.524041175842285,
            8.661391258239746,
            8.704985618591309,
            8.848312377929688,
            8.894830703735352,
            9.073576927185059,
            9.079508781433105,
            9.207684516906738,
            9.261850357055664,
            9.418499946594238,
            9.47558879852295,
            9.599225044250488,
            9.747879981994629
        ]
    },