{
    "x_vals": [
        0.0,
        0.1,
        0.2,
        0.30000000000000004,
        0.4,
        0.5,
        0.6000000000000001,
        0.7000000000000001,
        0.8,
        0.9,
        1.0,
        1.1,
        1.2000000000000002,
        1.3,
        1.4000000000000001,
        1.5,
        1.6,
        1.7000000000000002,
        1.8,
        1.9000000000000001,
        2.0,
        2.1,
        2.2,
        2.3000000000000003,
        2.4000000000000004,
        2.5,
        2.6,
        2.7,
        2.8000000000000003,
        2.9000000000000004,
        3.0,
        3.1,
        3.2,
        3.3000000000000003,
        3.4000000000000004,
        3.5,
        3.6,
        3.7,
        3.8000000000000003,
        3.9000000000000004,
        4.0,
        4.1000000000000005,
        4.2,
        4.3,
        4.4,
        4.5,
        4.6000000000000005,
        4.7,
        4.800000000000001,
        4.9,
        5.0,
        5.1000000000000005,
        5.2,
        5.300000000000001,
        5.4,
        5.5,
        5.6000000000000005,
        5.7,
        5.800000000000001,
        5.9
    ],
    "Frengression": {
        "ci_lower": [
            0.09495207667350769,
            0.018577584996819496,
            -0.06241506710648537,
            -0.14473900198936462,
            -0.22600886225700378,
            -0.2902337908744812,
            -0.3688884377479553,
            -0.42843982577323914,
            -0.47273483872413635,
            -0.5134437680244446,
            -0.5436669588088989,
            -0.5703545808792114,
            -0.5793833136558533,
            -0.603851318359375,
            -0.6122003197669983,
            -0.6283990740776062,
            -0.6358745098114014,
            -0.6379308700561523,
            -0.6432765126228333,
            -0.6525786519050598,
            -0.6460169553756714,
            -0.6533938050270081,
            -0.660679280757904,
            -0.6589182019233704,
            -0.6692739725112915,
            -0.6620360016822815,
            -0.6623209714889526,
            -0.6694082617759705,
            -0.6665621995925903,
            -0.6632974147796631,
            -0.668364405632019,
            -0.6520484089851379,
            -0.6694576740264893,
            -0.6533724665641785,
            -0.6581373810768127,
            -0.6641399264335632,
            -0.6641199588775635,
            -0.6606447100639343,
            -0.6538832187652588,
            -0.6637486219406128,
            -0.6516066193580627,
            -0.6634597778320312,
            -0.6574121117591858,
            -0.6443377733230591,
            -0.6531104445457458,
            -0.6613842248916626,
            -0.6479184627532959,
            -0.6480857729911804,
            -0.6517659425735474,
            -0.648883581161499,
            -0.6563905477523804,
            -0.6502429246902466,
            -0.6503946781158447,
            -0.6594043374061584,
            -0.6443554759025574,
            -0.6515735983848572,
            -0.6530697345733643,
            -0.6548417210578918,
            -0.6395502686500549,
            -0.6469826102256775
        ],
        "mean": [
            0.8462232947349548,
            0.7668264508247375,
            0.6870840787887573,
            0.6120783686637878,
            0.5265610814094543,
            0.45557478070259094,
            0.3829246461391449,
            0.320844441652298,
            0.26329517364501953,
            0.21941815316677094,
            0.18939346075057983,
            0.16386236250400543,
            0.1553478091955185,
            0.1422089785337448,
            0.12369447201490402,
            0.11622236669063568,
            0.10623956471681595,
            0.10682104527950287,
            0.09961970895528793,
            0.09152910113334656,
            0.0876670703291893,
            0.08445606380701065,
            0.07956891506910324,
            0.07917109876871109,
            0.07406457513570786,
            0.07085239887237549,
            0.07175888866186142,
            0.06658688932657242,
            0.0668623074889183,
            0.06855849176645279,
            0.0625297799706459,
            0.06744875013828278,
            0.06070052832365036,
            0.0645158663392067,
            0.06282224506139755,
            0.06363234668970108,
            0.05908353626728058,
            0.05856414511799812,
            0.05912581458687782,
            0.058742962777614594,
            0.06241663545370102,
            0.059721216559410095,
            0.05939220264554024,
            0.06230988726019859,
            0.05977490171790123,
            0.05832577496767044,
            0.05645172297954559,
            0.062022630125284195,
            0.05686550214886665,
            0.06123034656047821,
            0.055475469678640366,
            0.060735706239938736,
            0.05831483379006386,
            0.06062839552760124,
            0.06071740388870239,
            0.06169615685939789,
            0.06149924919009209,
            0.059304166585206985,
            0.05785970017313957,
            0.0633072480559349
        ],
        "ci_upper": [
            1.6179049015045166,
            1.5390779972076416,
            1.4885257482528687,
            1.4038037061691284,
            1.3319060802459717,
            1.2712618112564087,
            1.1955149173736572,
            1.1528226137161255,
            1.0863739252090454,
            1.0379414558410645,
            1.0014705657958984,
            0.967383623123169,
            0.9535892009735107,
            0.9318008422851562,
            0.8960768580436707,
            0.8900046944618225,
            0.872383177280426,
            0.8753538131713867,
            0.8437671661376953,
            0.8432859182357788,
            0.8271202445030212,
            0.8223873972892761,
            0.8140988945960999,
            0.8106429576873779,
            0.7992003560066223,
            0.7983182668685913,
            0.7862222194671631,
            0.7790673971176147,
            0.7718039155006409,
            0.7755017876625061,
            0.7597042322158813,
            0.7655550241470337,
            0.7565670609474182,
            0.7626737356185913,
            0.7515299320220947,
            0.757666826248169,
            0.7584646344184875,
            0.7395402193069458,
            0.7406354546546936,
            0.751013994216919,
            0.7505943775177002,
            0.7551878690719604,
            0.751830518245697,
            0.7408660054206848,
            0.7467098832130432,
            0.7462301850318909,
            0.7416799068450928,
            0.7371798157691956,
            0.7382461428642273,
            0.7420610189437866,
            0.7356821894645691,
            0.7378293871879578,
            0.7497994899749756,
            0.7383462190628052,
            0.7443450093269348,
            0.7363460659980774,
            0.7405828237533569,
            0.7374500036239624,
            0.7339943051338196,
            0.7337973713874817
        ]
    },