{
    "x_vals": [
        0.0,
        0.1,
        0.2,
        0.30000000000000004,
        0.4,
        0.5,
        0.6000000000000001,
        0.7000000000000001,
        0.8,
        0.9,
        1.0,
        1.1,
        1.2000000000000002,
        1.3,
        1.4000000000000001,
        1.5,
        1.6,
        1.7000000000000002,
        1.8,
        1.9000000000000001,
        2.0,
        2.1,
        2.2,
        2.3000000000000003,
        2.4000000000000004,
        2.5,
        2.6,
        2.7,
        2.8000000000000003,
        2.9000000000000004,
        3.0,
        3.1,
        3.2,
        3.3000000000000003,
        3.4000000000000004,
        3.5,
        3.6,
        3.7,
        3.8000000000000003,
        3.9000000000000004,
        4.0,
        4.1000000000000005,
        4.2,
        4.3,
        4.4,
        4.5,
        4.6000000000000005,
        4.7,
        4.800000000000001,
        4.9,
        5.0,
        5.1000000000000005,
        5.2,
        5.300000000000001,
        5.4,
        5.5,
        5.6000000000000005,
        5.7,
        5.800000000000001,
        5.9
    ],
    "Frengression": {
        "ci_lower": [
            0.10896512866020203,
            0.01656806841492653,
            -0.0508899912238121,
            -0.12197180837392807,
            -0.22775594890117645,
            -0.28670734167099,
            -0.367472767829895,
            -0.4301494061946869,
            -0.48133528232574463,
            -0.5089952945709229,
            -0.5492475628852844,
            -0.5716553926467896,
            -0.5861473083496094,
            -0.60439133644104,
            -0.6140533089637756,
            -0.6192179918289185,
            -0.6330323815345764,
            -0.642418622970581,
            -0.6529495120048523,
            -0.6565676331520081,
            -0.6654437780380249,
            -0.6709005832672119,
            -0.6590318083763123,
            -0.679717481136322,
            -0.6737728118896484,
            -0.6652705073356628,
            -0.6858052611351013,
            -0.6728317737579346,
            -0.6765525937080383,
            -0.683404803276062,
            -0.6701839566230774,
            -0.6817421317100525,
            -0.6750175356864929,
            -0.678840696811676,
            -0.686578631401062,
            -0.6866382360458374,
            -0.6799374222755432,
            -0.670183002948761,
            -0.6678515672683716,
            -0.6757241487503052,
            -0.6781299114227295,
            -0.6904426217079163,
            -0.6726263761520386,
            -0.689395546913147,
            -0.6781009435653687,
            -0.6799538135528564,
            -0.6891798377037048,
            -0.6736406087875366,
            -0.6799296736717224,
            -0.6806694865226746,
            -0.6821025609970093,
            -0.6929746270179749,
            -0.6824257373809814,
            -0.6863548755645752,
            -0.7024996876716614,
            -0.6925739049911499,
            -0.6872236132621765,
            -0.6983546614646912,
            -0.6889085173606873,
            -0.6952698230743408
        ],
        "mean": [
            0.8345748782157898,
            0.7560468912124634,
            0.6745539307594299,
            0.5979374051094055,
            0.5229366421699524,
            0.4521569311618805,
            0.3818487823009491,
            0.3163175582885742,
            0.26334241032600403,
            0.22871775925159454,
            0.18754839897155762,
            0.16736429929733276,
            0.15046721696853638,
            0.13982439041137695,
            0.12363792210817337,
            0.11637680977582932,
            0.10875866562128067,
            0.10291226208209991,
            0.09563341736793518,
            0.08561031520366669,
            0.08489005267620087,
            0.07753773778676987,
            0.0784173384308815,
            0.06922216713428497,
            0.06576884537935257,
            0.06407900154590607,
            0.05936169624328613,
            0.059321872889995575,
            0.06012136489152908,
            0.05538675934076309,
            0.05566738545894623,
            0.052206967025995255,
            0.04810429364442825,
            0.045725464820861816,
            0.04403987154364586,
            0.0399659238755703,
            0.04214756563305855,
            0.0399157777428627,
            0.03610927239060402,
            0.03926483914256096,
            0.03256000205874443,
            0.03129605948925018,
            0.031527504324913025,
            0.028025416657328606,
            0.028870059177279472,
            0.026278572157025337,
            0.023211386054754257,
            0.021752571687102318,
            0.020724346861243248,
            0.02185528725385666,
            0.019314464181661606,
            0.015162486582994461,
            0.017413010820746422,
            0.0161452516913414,
            0.008151613175868988,
            0.012817436829209328,
            0.010220455937087536,
            0.006769109982997179,
            0.00894770585000515,
            0.00613739900290966
        ],
        "ci_upper": [
            1.5975250005722046,
            1.5287578105926514,
            1.4447264671325684,
            1.392869472503662,
            1.3287124633789062,
            1.2570111751556396,
            1.2108875513076782,
            1.1475398540496826,
            1.0969092845916748,
            1.0518289804458618,
            0.99762362241745,
            0.9832957983016968,
            0.9614001512527466,
            0.938338041305542,
            0.903566300868988,
            0.8855869770050049,
            0.8793560266494751,
            0.8638351559638977,
            0.845673680305481,
            0.8352981805801392,
            0.8330013155937195,
            0.8216770887374878,
            0.8037906885147095,
            0.8023226261138916,
            0.7939333319664001,
            0.7758845686912537,
            0.7699660658836365,
            0.7676904201507568,
            0.7625284194946289,
            0.757382333278656,
            0.7582986354827881,
            0.7545406818389893,
            0.7402127385139465,
            0.7389246821403503,
            0.7436226606369019,
            0.7407155632972717,
            0.7369871139526367,
            0.7320072650909424,
            0.7203567624092102,
            0.7388027310371399,
            0.7220728993415833,
            0.7269601821899414,
            0.7263138890266418,
            0.7098366618156433,
            0.7179934978485107,
            0.7108519673347473,
            0.7139017581939697,
            0.7078142166137695,
            0.7027626633644104,
            0.7162803411483765,
            0.7018107771873474,
            0.7128080725669861,
            0.7055653929710388,
            0.704957127571106,
            0.6988179683685303,
            0.706947922706604,
            0.7054440975189209,
            0.7058361172676086,
            0.7039329409599304,
            0.6983950734138489
        ]
    },